{"accuracy": [0.43448275327682495, 0.682758629322052, 0.7241379022598267, 0.7862069010734558, 0.8413792848587036, 0.9034482836723328, 0.8482758402824402, 0.8620689511299133, 0.8137931227684021, 0.8896551728248596], "loss": [2.3910973072052, 1.301688313484192, 1.1048991680145264, 0.8169472217559814, 0.5982425212860107, 0.51975017786026, 0.6804528832435608, 0.5152688026428223, 0.5808016657829285, 0.5123106241226196], "precision": [0.5252525210380554, 0.7540983557701111, 0.7967479825019836, 0.8059701323509216, 0.8656716346740723, 0.9185185432434082, 0.8633093237876892, 0.8857142925262451, 0.8308823704719543, 0.8936170339584351], "recall": [0.35862070322036743, 0.634482741355896, 0.6758620738983154, 0.7448275685310364, 0.800000011920929, 0.8551723957061768, 0.8275862336158752, 0.8551723957061768, 0.7793103456497192, 0.8689655065536499], "val_accuracy": [0.6470588445663452, 0.6470588445663452, 0.7352941036224365, 0.6764705777168274, 0.7058823704719543, 0.7352941036224365, 0.7647058963775635, 0.8235294222831726, 0.6176470518112183, 0.6470588445663452], "val_loss": [1.1799705028533936, 1.4715430736541748, 0.7434760928153992, 1.7315874099731445, 2.166830539703369, 1.2737510204315186, 0.9791873693466187, 0.5388025045394897, 0.9915652275085449, 1.33058762550354], "val_precision": [0.7142857313156128, 0.7096773982048035, 0.75, 0.6666666865348816, 0.71875, 0.75, 0.7575757503509521, 0.84375, 0.6363636255264282, 0.6470588445663452], "val_recall": [0.5882353186607361, 0.6470588445663452, 0.7058823704719543, 0.6470588445663452, 0.6764705777168274, 0.7058823704719543, 0.7352941036224365, 0.7941176295280457, 0.6176470518112183, 0.6470588445663452]}